codigo;titulo
A01;Dor generalizada/múltipla
A03;Febre
A04;Fraqueza/cansaço geral
A06;Desmaio/síncope
D01;Dor abdominal generalizada/cólicas
D02;Dor abdominal epigástrica
D09;Náusea
D10;Vômito
D11;Diarreia
K01;Dor atribuída ao coração
K77;Insuficiência cardíaca
K85;Pressão arterial elevada
K86;Hipertensão sem complicações
K87;Hipertensão com complicações
L03;Sinais/sintomas da região lombar
N01;Cefaleia
N89;Enxaqueca
P01;Sensação de ansiedade/nervosismo/tensão
P03;Sensação de depressão
R05;Tosse
R74;Infecção aguda do aparelho respiratório superior
R76;Amigdalite aguda
R78;Bronquite aguda/bronquiolite
R96;Asma
S02;Prurido
S03;Verrugas
T82;Obesidade
T89;Diabetes insulino-dependente
T90;Diabetes não insulino-dependente
U01;Disúria/micção dolorosa
U71;Cistite/outra infecção urinária
W78;Gravidez
